{
  "rnn_seq2seq": {
    "train_losses": [
      6.50227583694458,
      5.824234537124633,
      5.59403524017334,
      5.42442244720459,
      5.286036447525024,
      5.155660989761352,
      5.053539142608643,
      4.9507721824646,
      4.842209978103638,
      4.7676614437103275
    ],
    "val_losses": [
      5.2015014588832855,
      5.203831449151039,
      5.090984985232353,
      5.091049507260323,
      5.01388792693615,
      5.246838167309761,
      5.245625555515289,
      5.1360171884298325,
      5.201909378170967,
      5.227367147803307
    ],
    "final_train_loss": 4.7676614437103275,
    "final_val_loss": 5.227367147803307,
    "best_val_loss": 5.01388792693615,
    "num_parameters": 33441963
  },
  "lstm_seq2seq": {
    "train_losses": [
      6.349228389739991,
      5.68651616859436,
      5.456410348892212,
      5.248188386917114,
      5.044569026947022,
      4.8582747631073,
      4.672273387908936,
      4.500654714584351
    ],
    "val_losses": [
      4.8762256652116776,
      4.792121395468712,
      4.736422643065453,
      4.737178847193718,
      4.699840635061264,
      4.661192923784256,
      4.651780351996422,
      4.667208179831505
    ],
    "final_train_loss": 4.500654714584351,
    "final_val_loss": 4.667208179831505,
    "best_val_loss": 4.651780351996422,
    "num_parameters": 33441963
  },
  "lstm_attention_seq2seq": {
    "train_losses": [
      6.13632117843628,
      4.76418648147583,
      3.8317682247161864,
      3.189225009918213,
      2.7648886375427244,
      2.516070906639099,
      2.3311963143348695,
      2.1685698771476747
    ],
    "val_losses": [
      4.713701009750366,
      4.463910482823849,
      4.445417299866676,
      4.360425338149071,
      4.355431571602821,
      4.378142394125462,
      4.429401867091656,
      4.399498037993908
    ],
    "final_train_loss": 2.1685698771476747,
    "final_val_loss": 4.399498037993908,
    "best_val_loss": 4.355431571602821,
    "num_parameters": 34019163
  }
}