{
  "lstm_attention_seq2seq": {
    "train_losses": [
      6.13632117843628,
      4.76418648147583,
      3.8317682247161864,
      3.189225009918213,
      2.7648886375427244,
      2.516070906639099,
      2.3311963143348695,
      2.1685698771476747
    ],
    "val_losses": [
      4.713701009750366,
      4.463910482823849,
      4.445417299866676,
      4.360425338149071,
      4.355431571602821,
      4.378142394125462,
      4.429401867091656,
      4.399498037993908
    ],
    "final_train_loss": 2.1685698771476747,
    "final_val_loss": 4.399498037993908,
    "best_val_loss": 4.355431571602821,
    "num_parameters": 34019163
  }
}